paid_order_id,paid_at,item_id,store_id,channel,buyer_id,item_title,category,gross_sales,shipping_collected,sales_tax,marketplace_fee,refund_amount,net_sales
UP-2608-000244,2026-08-08T08:03:00-04:00,UP-ITM-000244,GW-006,Upright,BUY-UP-00346,"Die-cast vehicle lot, assorted",Collectibles,28.47,0.00,1.71,3.57,0.00,28.47
UP-2608-000119,2026-08-08T09:24:00-04:00,UP-ITM-000119,GW-016,Upright,BUY-UP-00386,"Stoneware dinner service, 12 pieces",Home,57.74,0.00,4.62,6.94,0.00,57.74
UP-2608-000482,2026-08-08T09:56:00-04:00,UP-ITM-000482,GW-005,Upright,BUY-UP-00109,Tennis racquet pair with covers,Sporting Goods,65.91,9.58,5.28,8.98,0.00,75.49
UP-2608-000479,2026-08-08T10:17:00-04:00,UP-ITM-000479,GW-022,Upright,BUY-UP-00145,Signed studio pottery vase,Collectibles,19.99,15.61,2.85,4.39,0.00,35.60
UP-2608-000108,2026-08-08T11:18:00-04:00,UP-ITM-000108,GW-024,Upright,BUY-UP-00341,"Craftsman socket set, 32 pieces",Tools,38.00,17.27,0.00,6.66,0.00,55.27
UP-2608-000512,2026-08-08T11:36:00-04:00,UP-ITM-000512,GW-018,Upright,BUY-UP-00125,KitchenAid hand mixer with beaters,Home,23.74,6.57,2.42,3.79,0.00,30.31
UP-2608-000271,2026-08-08T12:30:00-04:00,UP-ITM-000271,GW-016,Upright,BUY-UP-00265,"Golf iron set, right handed",Sporting Goods,50.47,12.14,4.38,7.50,0.00,62.61
UP-2608-000300,2026-08-08T13:33:00-04:00,UP-ITM-000300,GW-017,Upright,BUY-UP-00134,"Vintage concert T-shirt, size XL",Apparel,20.84,18.62,3.16,4.84,0.00,39.46
UP-2608-000381,2026-08-08T13:37:00-04:00,UP-ITM-000381,GW-022,Upright,BUY-UP-00272,"Gold-tone wristwatch, untested",Jewelry,179.27,14.82,11.65,22.62,0.00,194.09
UP-2608-000405,2026-08-08T14:46:00-04:00,UP-ITM-000405,GW-002,Upright,BUY-UP-00053,"Canon EF zoom lens, 75–300mm",Electronics,160.41,7.47,11.75,19.61,0.00,167.88
UP-2608-000286,2026-08-08T16:09:00-04:00,UP-ITM-000286,GW-001,Upright,BUY-UP-00075,Tennis racquet pair with covers,Sporting Goods,40.18,16.57,0.00,6.83,4.73,52.02
UP-2608-000511,2026-08-08T16:51:00-04:00,UP-ITM-000511,GW-009,Upright,BUY-UP-00255,"Levi's denim jacket, size L",Apparel,34.79,5.59,0.00,4.94,0.00,40.38
UP-2608-000648,2026-08-08T16:59:00-04:00,UP-ITM-000648,GW-002,Upright,BUY-UP-00211,"Handwoven wool rug, 3 × 5 ft",Home,26.89,12.14,0.00,4.79,0.00,39.03
UP-2608-000507,2026-08-08T19:04:00-04:00,UP-ITM-000507,GW-018,Upright,BUY-UP-00082,"Stoneware dinner service, 12 pieces",Home,60.73,15.07,4.55,9.02,0.00,75.80
UP-2608-000548,2026-08-08T20:45:00-04:00,UP-ITM-000548,GW-009,Upright,BUY-UP-00390,"Craftsman socket set, 32 pieces",Tools,16.80,16.19,2.64,4.09,0.00,32.99
UP-2608-000127,2026-08-09T09:11:00-04:00,UP-ITM-000127,GW-015,Upright,BUY-UP-00368,KitchenAid hand mixer with beaters,Home,40.61,12.82,4.27,6.44,0.00,53.43
UP-2608-000604,2026-08-09T09:43:00-04:00,UP-ITM-000604,GW-014,Upright,BUY-UP-00331,"Wool cardigan, size S",Apparel,14.75,17.55,0.00,4.01,0.00,32.30
UP-2608-000564,2026-08-09T09:54:00-04:00,UP-ITM-000564,GW-009,Upright,BUY-UP-00130,Engineering reference manual,Books,50.12,5.90,4.48,6.74,0.00,56.02
UP-2608-000156,2026-08-09T11:05:00-04:00,UP-ITM-000156,GW-020,Upright,BUY-UP-00215,"Stoneware dinner service, 12 pieces",Home,17.69,13.72,2.51,3.91,0.00,31.41
UP-2608-000264,2026-08-09T12:30:00-04:00,UP-ITM-000264,GW-008,Upright,BUY-UP-00388,"Digital multimeter, tested",Tools,83.34,13.67,6.79,11.46,0.00,97.01
UP-2608-000078,2026-08-09T12:43:00-04:00,UP-ITM-000078,GW-004,Upright,BUY-UP-00170,"Estate postcard collection, 80 pieces",Collectibles,35.24,8.00,2.59,5.27,0.00,43.24
UP-2608-000193,2026-08-09T12:56:00-04:00,UP-ITM-000193,GW-024,Upright,BUY-UP-00060,Hardcover regional cookbook,Books,10.61,7.34,1.26,2.36,0.00,17.95
UP-2608-000521,2026-08-09T13:32:00-04:00,UP-ITM-000521,GW-011,Upright,BUY-UP-00009,"Estate postcard collection, 80 pieces",Collectibles,41.22,15.28,3.96,6.80,0.00,56.50
UP-2608-000325,2026-08-09T14:38:00-04:00,UP-ITM-000325,GW-021,Upright,BUY-UP-00349,"Digital multimeter, tested",Tools,63.25,14.59,5.45,9.25,0.00,77.84
UP-2608-000067,2026-08-09T15:05:00-04:00,UP-ITM-000067,GW-020,Upright,BUY-UP-00253,"Die-cast vehicle lot, assorted",Collectibles,10.73,14.56,1.52,3.21,0.00,25.29
UP-2608-000398,2026-08-09T15:18:00-04:00,UP-ITM-000398,GW-015,Upright,BUY-UP-00094,Vintage Pyrex mixing bowl set,Collectibles,53.48,17.70,4.98,8.49,0.00,71.18
UP-2608-000470,2026-08-09T15:51:00-04:00,UP-ITM-000470,GW-012,Upright,BUY-UP-00113,"Canon EF zoom lens, 75–300mm",Electronics,18.90,7.37,1.58,3.32,0.00,26.27
UP-2608-000415,2026-08-09T16:03:00-04:00,UP-ITM-000415,GW-022,Upright,BUY-UP-00169,"Brass table lamp, tested",Home,74.52,13.09,6.13,10.38,0.00,87.61
UP-2608-000463,2026-08-09T16:20:00-04:00,UP-ITM-000463,GW-008,Upright,BUY-UP-00210,Sony stereo receiver — tested,Electronics,75.61,16.58,6.45,10.90,0.00,92.19
UP-2608-000524,2026-08-09T16:27:00-04:00,UP-ITM-000524,GW-012,Upright,BUY-UP-00007,Sony stereo receiver — tested,Electronics,58.34,8.27,0.00,7.96,10.11,56.50
UP-2608-000645,2026-08-09T16:51:00-04:00,UP-ITM-000645,GW-020,Upright,BUY-UP-00356,Fishing reel with spare spool,Sporting Goods,55.86,14.09,5.60,8.34,0.00,69.95
UP-2608-000071,2026-08-09T17:52:00-04:00,UP-ITM-000071,GW-006,Upright,BUY-UP-00356,"Bose portable speaker, cosmetic wear",Electronics,38.07,11.84,2.99,6.04,0.00,49.91
UP-2608-000177,2026-08-09T18:38:00-04:00,UP-ITM-000177,GW-024,Upright,BUY-UP-00392,"Vintage cassette deck, powers on",Electronics,52.03,0.00,3.64,6.28,0.00,52.03
UP-2608-000054,2026-08-09T18:59:00-04:00,UP-ITM-000054,GW-001,Upright,BUY-UP-00290,"Wool cardigan, size S",Apparel,15.87,7.60,0.00,3.00,0.00,23.47
UP-2608-000309,2026-08-09T19:02:00-04:00,UP-ITM-000309,GW-022,Upright,BUY-UP-00004,"Travel duffel, navy",Accessories,22.75,10.38,1.99,4.11,0.00,33.13
UP-2608-000348,2026-08-09T19:11:00-04:00,UP-ITM-000348,GW-002,Upright,BUY-UP-00223,"Art history volume, dust jacket",Books,22.10,7.00,0.00,3.65,0.00,29.10
UP-2608-000631,2026-08-09T19:35:00-04:00,UP-ITM-000631,GW-021,Upright,BUY-UP-00230,Fishing reel with spare spool,Sporting Goods,44.16,18.39,3.75,7.49,0.00,62.55
UP-2608-000223,2026-08-09T20:07:00-04:00,UP-ITM-000223,GW-005,Upright,BUY-UP-00265,"Brass table lamp, tested",Home,88.33,9.11,7.80,11.51,0.00,97.44
UP-2608-000274,2026-08-09T20:44:00-04:00,UP-ITM-000274,GW-018,Upright,BUY-UP-00257,"Levi's denim jacket, size L",Apparel,11.11,12.07,1.62,2.97,0.00,23.18
UP-2608-000126,2026-08-10T08:06:00-04:00,UP-ITM-000126,GW-012,Upright,BUY-UP-00013,"Estate postcard collection, 80 pieces",Collectibles,40.87,14.85,0.00,6.71,0.00,55.72
UP-2608-000208,2026-08-10T08:12:00-04:00,UP-ITM-000208,GW-001,Upright,BUY-UP-00162,"Estate postcard collection, 80 pieces",Collectibles,25.70,0.00,0.00,3.26,0.00,25.70
UP-2608-000186,2026-08-10T09:45:00-04:00,UP-ITM-000186,GW-009,Upright,BUY-UP-00043,"Die-cast vehicle lot, assorted",Collectibles,17.31,12.86,2.11,3.77,0.00,30.17
UP-2608-000336,2026-08-10T10:35:00-04:00,UP-ITM-000336,GW-023,Upright,BUY-UP-00114,KitchenAid hand mixer with beaters,Home,35.45,12.62,3.36,5.83,0.00,48.07
UP-2608-000628,2026-08-10T11:56:00-04:00,UP-ITM-000628,GW-002,Upright,BUY-UP-00185,Sony stereo receiver — tested,Electronics,48.67,15.87,4.52,7.72,0.00,64.54
UP-2608-000489,2026-08-10T12:25:00-04:00,UP-ITM-000489,GW-011,Upright,BUY-UP-00230,"Sterling ring, size 7",Jewelry,164.26,0.00,13.14,19.19,0.00,164.26
UP-2608-000302,2026-08-10T12:42:00-04:00,UP-ITM-000302,GW-006,Upright,BUY-UP-00217,"Craftsman socket set, 32 pieces",Tools,110.35,16.03,0.00,14.83,0.00,126.38
UP-2608-000426,2026-08-10T13:16:00-04:00,UP-ITM-000426,GW-022,Upright,BUY-UP-00235,Nintendo DS console with charger,Electronics,34.59,18.71,4.26,6.43,0.00,53.30
UP-2608-000321,2026-08-10T13:45:00-04:00,UP-ITM-000321,GW-004,Upright,BUY-UP-00094,"Golf iron set, right handed",Sporting Goods,53.00,9.06,4.96,7.44,0.00,62.06
UP-2608-000285,2026-08-10T13:49:00-04:00,UP-ITM-000285,GW-011,Upright,BUY-UP-00157,"Levi's denim jacket, size L",Apparel,19.93,18.18,2.67,4.68,0.00,38.11
UP-2608-000394,2026-08-10T13:53:00-04:00,UP-ITM-000394,GW-018,Upright,BUY-UP-00352,"Levi's denim jacket, size L",Apparel,31.55,11.08,2.98,5.20,0.00,42.63
UP-2608-000610,2026-08-10T14:12:00-04:00,UP-ITM-000610,GW-006,Upright,BUY-UP-00075,"Patagonia fleece jacket, size M",Apparel,38.20,17.28,0.00,6.68,0.00,55.48
UP-2608-000629,2026-08-10T15:18:00-04:00,UP-ITM-000629,GW-007,Upright,BUY-UP-00164,"Levi's denim jacket, size L",Apparel,17.84,7.36,2.02,3.20,0.00,25.20
UP-2608-000340,2026-08-10T15:28:00-04:00,UP-ITM-000340,GW-007,Upright,BUY-UP-00094,"Stoneware dinner service, 12 pieces",Home,60.12,0.00,0.00,7.21,0.00,60.12
UP-2608-000263,2026-08-10T16:20:00-04:00,UP-ITM-000263,GW-004,Upright,BUY-UP-00089,"Art history volume, dust jacket",Books,18.90,6.63,2.04,3.24,0.00,25.53
UP-2608-000009,2026-08-10T16:27:00-04:00,UP-ITM-000009,GW-001,Upright,BUY-UP-00280,Engineering reference manual,Books,31.60,5.01,2.56,4.51,12.31,24.30
UP-2608-000540,2026-08-10T16:46:00-04:00,UP-ITM-000540,GW-015,Upright,BUY-UP-00337,"Bose portable speaker, cosmetic wear",Electronics,93.47,16.91,7.73,12.99,0.00,110.38
UP-2608-000294,2026-08-10T17:53:00-04:00,UP-ITM-000294,GW-004,Upright,BUY-UP-00159,"Levi's denim jacket, size L",Apparel,16.20,8.59,1.74,3.15,0.00,24.79
UP-2608-000327,2026-08-10T20:04:00-04:00,UP-ITM-000327,GW-024,Upright,BUY-UP-00001,"Canon EF zoom lens, 75–300mm",Electronics,58.36,18.08,4.59,9.09,0.00,76.44
UP-2608-000165,2026-08-10T20:54:00-04:00,UP-ITM-000165,GW-020,Upright,BUY-UP-00299,"Mystery paperback lot, 6 books",Books,42.06,5.66,3.82,5.79,0.00,47.72
UP-2608-000454,2026-08-10T20:59:00-04:00,UP-ITM-000454,GW-008,Upright,BUY-UP-00114,"Bose portable speaker, cosmetic wear",Electronics,64.31,15.88,4.81,9.52,0.00,80.19
UP-2608-000573,2026-08-11T08:31:00-04:00,UP-ITM-000573,GW-001,Upright,BUY-UP-00190,Nintendo DS console with charger,Electronics,33.65,18.57,4.18,6.31,0.00,52.22
UP-2608-000359,2026-08-11T08:38:00-04:00,UP-ITM-000359,GW-023,Upright,BUY-UP-00356,"Travel duffel, navy",Accessories,153.86,8.73,0.00,19.00,0.00,162.59
UP-2608-000396,2026-08-11T08:38:00-04:00,UP-ITM-000396,GW-002,Upright,BUY-UP-00321,Nintendo DS console with charger,Electronics,44.61,14.10,3.52,7.05,0.00,58.71
UP-2608-000425,2026-08-11T09:39:00-04:00,UP-ITM-000425,GW-022,Upright,BUY-UP-00184,"Digital multimeter, tested",Tools,25.95,11.93,0.00,4.66,0.00,37.88
UP-2608-000458,2026-08-11T10:10:00-04:00,UP-ITM-000458,GW-012,Upright,BUY-UP-00211,"Craftsman socket set, 32 pieces",Tools,93.90,9.62,8.28,12.20,0.00,103.52
UP-2608-000283,2026-08-11T11:49:00-04:00,UP-ITM-000283,GW-024,Upright,BUY-UP-00336,"Handwoven wool rug, 3 × 5 ft",Home,47.46,6.95,3.81,6.56,0.00,54.41
UP-2608-000199,2026-08-11T12:24:00-04:00,UP-ITM-000199,GW-002,Upright,BUY-UP-00312,"Vintage concert T-shirt, size XL",Apparel,21.47,14.04,0.00,4.38,0.00,35.51
UP-2608-000052,2026-08-11T12:35:00-04:00,UP-ITM-000052,GW-012,Upright,BUY-UP-00365,Signed studio pottery vase,Collectibles,44.76,8.77,4.28,6.46,0.00,53.53
UP-2608-000159,2026-08-11T12:35:00-04:00,UP-ITM-000159,GW-021,Upright,BUY-UP-00369,"Art history volume, dust jacket",Books,8.97,4.85,0.83,1.89,0.00,13.82
UP-2608-000259,2026-08-11T14:23:00-04:00,UP-ITM-000259,GW-003,Upright,BUY-UP-00138,"Canon EF zoom lens, 75–300mm",Electronics,32.76,10.55,0.00,5.28,0.00,43.31
UP-2608-000246,2026-08-11T14:55:00-04:00,UP-ITM-000246,GW-017,Upright,BUY-UP-00048,"Digital multimeter, tested",Tools,55.73,11.32,5.36,8.01,0.00,67.05
UP-2608-000369,2026-08-11T15:21:00-04:00,UP-ITM-000369,GW-015,Upright,BUY-UP-00275,"Vintage concert T-shirt, size XL",Apparel,23.50,6.61,2.41,3.76,0.00,30.11
UP-2608-000083,2026-08-11T16:59:00-04:00,UP-ITM-000083,GW-016,Upright,BUY-UP-00328,"Levi's denim jacket, size L",Apparel,64.33,13.90,4.69,9.30,0.00,78.23
UP-2608-000047,2026-08-11T17:33:00-04:00,UP-ITM-000047,GW-016,Upright,BUY-UP-00090,KitchenAid hand mixer with beaters,Home,13.60,7.33,1.26,2.71,0.00,20.93
UP-2608-000258,2026-08-11T17:59:00-04:00,UP-ITM-000258,GW-002,Upright,BUY-UP-00315,Fishing reel with spare spool,Sporting Goods,52.35,13.36,4.60,7.86,0.00,65.71
UP-2608-000299,2026-08-11T18:19:00-04:00,UP-ITM-000299,GW-012,Upright,BUY-UP-00082,"Wool cardigan, size S",Apparel,21.62,14.67,2.90,4.47,0.00,36.29
UP-2608-000649,2026-08-11T19:37:00-04:00,UP-ITM-000649,GW-018,Upright,BUY-UP-00265,"Vintage cassette deck, powers on",Electronics,37.28,14.28,0.00,6.23,0.00,51.56
UP-2608-000555,2026-08-11T19:48:00-04:00,UP-ITM-000555,GW-005,Upright,BUY-UP-00306,Vintage Stanley hand plane,Tools,27.49,7.63,2.46,4.34,0.00,35.12
UP-2608-000100,2026-08-11T19:52:00-04:00,UP-ITM-000100,GW-002,Upright,BUY-UP-00052,"Patagonia fleece jacket, size M",Apparel,11.79,12.02,1.67,3.04,0.00,23.81
UP-2608-000196,2026-08-11T20:24:00-04:00,UP-ITM-000196,GW-013,Upright,BUY-UP-00262,Fishing reel with spare spool,Sporting Goods,40.07,10.83,3.05,6.15,0.00,50.90
UP-2608-000231,2026-08-11T20:37:00-04:00,UP-ITM-000231,GW-021,Upright,BUY-UP-00134,"Estate postcard collection, 80 pieces",Collectibles,23.15,12.01,2.11,4.34,10.57,24.59
UP-2608-000623,2026-08-12T08:45:00-04:00,UP-ITM-000623,GW-018,Upright,BUY-UP-00012,"Handwoven wool rug, 3 × 5 ft",Home,11.25,17.97,1.75,3.66,0.00,29.22
UP-2608-000395,2026-08-12T09:15:00-04:00,UP-ITM-000395,GW-017,Upright,,"Patagonia fleece jacket, size M",Apparel,57.65,15.30,5.11,8.69,0.00,72.95
UP-2608-000226,2026-08-12T10:00:00-04:00,UP-ITM-000226,GW-002,Upright,BUY-UP-00003,"Gold-tone wristwatch, untested",Jewelry,118.30,12.86,7.87,15.38,0.00,131.16
UP-2608-000370,2026-08-12T10:44:00-04:00,UP-ITM-000370,GW-008,Upright,BUY-UP-00367,"Levi's denim jacket, size L",Apparel,41.07,6.62,3.82,5.78,0.00,47.69
UP-2608-000197,2026-08-12T11:16:00-04:00,UP-ITM-000197,GW-014,Upright,BUY-UP-00182,"Wool cardigan, size S",Apparel,23.96,11.91,0.00,4.43,0.00,35.87
UP-2608-000139,2026-08-12T11:42:00-04:00,UP-ITM-000139,GW-004,Upright,BUY-UP-00164,"Vintage concert T-shirt, size XL",Apparel,12.26,15.03,0.00,3.44,0.00,27.29
UP-2608-000390,2026-08-12T12:43:00-04:00,UP-ITM-000390,GW-012,Upright,BUY-UP-00270,"Vintage concert T-shirt, size XL",Apparel,3.49,17.98,1.50,2.77,0.00,21.47
UP-2608-000040,2026-08-12T12:48:00-04:00,UP-ITM-000040,GW-022,Upright,BUY-UP-00212,"Canon EF zoom lens, 75–300mm",Electronics,15.99,6.67,1.36,2.91,0.00,22.66
UP-2608-000190,2026-08-12T12:51:00-04:00,UP-ITM-000190,GW-011,Upright,BUY-UP-00370,"Craftsman socket set, 32 pieces",Tools,34.55,13.11,3.34,5.78,0.00,47.66
UP-2608-000434,2026-08-12T12:56:00-04:00,UP-ITM-000434,GW-010,Upright,BUY-UP-00369,KitchenAid hand mixer with beaters,Home,66.93,13.84,5.65,9.59,0.00,80.77
UP-2608-000576,2026-08-12T13:52:00-04:00,UP-ITM-000576,GW-001,Upright,BUY-UP-00015,"Patagonia fleece jacket, size M",Apparel,45.64,5.42,3.57,6.17,0.00,51.06
UP-2608-000038,2026-08-12T14:15:00-04:00,UP-ITM-000038,GW-002,Upright,BUY-UP-00259,"Travel duffel, navy",Accessories,21.79,0.00,1.53,2.81,0.00,21.79
UP-2608-000509,2026-08-12T15:34:00-04:00,UP-ITM-000509,GW-021,Upright,BUY-UP-00328,"Model train locomotive, boxed",Collectibles,18.15,15.69,2.71,4.19,0.00,33.84
UP-2608-000525,2026-08-12T16:02:00-04:00,UP-ITM-000525,GW-004,Upright,BUY-UP-00058,"Wool cardigan, size S",Apparel,17.93,12.91,0.00,3.85,0.00,30.84
UP-2608-000036,2026-08-12T16:17:00-04:00,UP-ITM-000036,GW-018,Upright,BUY-UP-00355,Vintage belt with brass buckle,Accessories,60.67,17.16,4.67,9.25,0.00,77.83
UP-2608-000445,2026-08-12T16:22:00-04:00,UP-ITM-000445,GW-001,Upright,BUY-UP-00206,KitchenAid hand mixer with beaters,Home,24.11,9.41,0.00,4.15,0.00,33.52
UP-2608-000627,2026-08-12T16:38:00-04:00,UP-ITM-000627,GW-018,Upright,BUY-UP-00110,"Brass table lamp, tested",Home,21.24,0.00,1.49,2.74,0.00,21.24
UP-2608-000471,2026-08-12T16:48:00-04:00,UP-ITM-000471,GW-007,Upright,BUY-UP-00294,Vintage costume jewelry lot,Jewelry,315.54,15.81,26.51,38.41,0.00,331.35
UP-2608-000022,2026-08-12T17:15:00-04:00,UP-ITM-000022,GW-004,Upright,BUY-UP-00020,Vintage belt with brass buckle,Accessories,78.75,15.83,5.67,11.18,0.00,94.58
UP-2608-000373,2026-08-12T19:55:00-04:00,UP-ITM-000373,GW-016,Upright,BUY-UP-00167,"Vintage cassette deck, powers on",Electronics,66.29,16.71,6.64,9.85,9.68,73.32
UP-2608-000202,2026-08-13T08:23:00-04:00,UP-ITM-000202,GW-022,Upright,BUY-UP-00314,"Die-cast vehicle lot, assorted",Collectibles,26.84,17.15,2.64,5.36,0.00,43.99
UP-2608-000557,2026-08-13T08:36:00-04:00,UP-ITM-000557,GW-004,Upright,BUY-UP-00072,"Canon EF zoom lens, 75–300mm",Electronics,70.35,15.14,5.13,10.13,0.00,85.49
UP-2608-000292,2026-08-13T08:47:00-04:00,UP-ITM-000292,GW-021,Upright,BUY-UP-00262,Hardcover regional cookbook,Books,23.88,0.00,1.67,3.05,0.00,23.88
UP-2608-000081,2026-08-13T09:15:00-04:00,UP-ITM-000081,GW-013,Upright,BUY-UP-00344,Nintendo DS console with charger,Electronics,66.92,0.00,5.35,8.00,0.00,66.92
UP-2608-000185,2026-08-13T10:02:00-04:00,UP-ITM-000185,GW-008,Upright,BUY-UP-00253,"Vintage concert T-shirt, size XL",Apparel,30.26,12.83,3.45,5.26,0.00,43.09
UP-2608-000146,2026-08-13T10:38:00-04:00,UP-ITM-000146,GW-010,Upright,BUY-UP-00050,"Die-cast vehicle lot, assorted",Collectibles,51.59,0.00,0.00,6.23,0.00,51.59
UP-2608-000079,2026-08-13T11:46:00-04:00,UP-ITM-000079,GW-007,Upright,,"Bose portable speaker, cosmetic wear",Electronics,29.29,0.00,2.34,3.67,0.00,29.29
UP-2608-000560,2026-08-13T12:15:00-04:00,UP-ITM-000560,GW-022,Upright,BUY-UP-00070,Sony stereo receiver — tested,Electronics,48.28,13.27,0.00,7.38,23.86,37.69
UP-2608-000160,2026-08-13T12:40:00-04:00,UP-ITM-000160,GW-001,Upright,BUY-UP-00321,"Stoneware dinner service, 12 pieces",Home,19.76,17.84,3.01,4.62,0.00,37.60
UP-2608-000137,2026-08-13T15:51:00-04:00,UP-ITM-000137,GW-024,Upright,BUY-UP-00040,"Leather tote bag, brown",Accessories,12.57,9.43,1.32,2.83,0.00,22.00
UP-2608-000250,2026-08-13T16:01:00-04:00,UP-ITM-000250,GW-024,Upright,BUY-UP-00108,"Estate postcard collection, 80 pieces",Collectibles,19.91,12.13,2.24,3.98,0.00,32.04
UP-2608-000386,2026-08-13T16:41:00-04:00,UP-ITM-000386,GW-024,Upright,BUY-UP-00081,"Patagonia fleece jacket, size M",Apparel,53.70,8.09,3.71,7.41,0.00,61.79
UP-2608-000335,2026-08-13T17:14:00-04:00,UP-ITM-000335,GW-020,Upright,BUY-UP-00309,"Estate postcard collection, 80 pieces",Collectibles,36.66,14.00,3.55,6.13,0.00,50.66
UP-2608-000214,2026-08-13T18:00:00-04:00,UP-ITM-000214,GW-002,Upright,BUY-UP-00080,"Patagonia fleece jacket, size M",Apparel,12.71,6.69,1.55,2.53,0.00,19.40
UP-2608-000642,2026-08-13T18:21:00-04:00,UP-ITM-000642,GW-016,Upright,BUY-UP-00084,Nintendo DS console with charger,Electronics,75.00,8.18,6.65,9.87,0.00,83.18
UP-2608-000073,2026-08-13T20:43:00-04:00,UP-ITM-000073,GW-005,Upright,BUY-UP-00320,"Wool cardigan, size S",Apparel,14.66,15.19,1.79,3.73,0.00,29.85
UP-2608-000257,2026-08-14T08:20:00-04:00,UP-ITM-000257,GW-021,Upright,BUY-UP-00366,Nintendo DS console with charger,Electronics,84.53,13.25,7.82,11.54,0.00,97.78
UP-2608-000007,2026-08-14T08:33:00-04:00,UP-ITM-000007,GW-002,Upright,BUY-UP-00041,Nintendo DS console with charger,Electronics,162.38,15.56,14.24,20.76,0.00,177.94
UP-2608-000044,2026-08-14T09:43:00-04:00,UP-ITM-000044,GW-004,Upright,BUY-UP-00096,"Estate postcard collection, 80 pieces",Collectibles,60.76,6.92,5.41,8.08,0.00,67.68
UP-2608-000318,2026-08-14T09:58:00-04:00,UP-ITM-000318,GW-005,Upright,BUY-UP-00197,"Wool cardigan, size S",Apparel,22.42,17.05,2.37,4.84,0.00,39.47
UP-2608-000098,2026-08-14T10:59:00-04:00,UP-ITM-000098,GW-015,Upright,BUY-UP-00358,"Art history volume, dust jacket",Books,14.47,4.82,1.54,2.52,0.00,19.29
UP-2608-000180,2026-08-14T11:19:00-04:00,UP-ITM-000180,GW-014,Upright,BUY-UP-00244,"Vintage concert T-shirt, size XL",Apparel,20.04,6.91,2.16,3.40,0.00,26.95
UP-2608-000442,2026-08-14T16:00:00-04:00,UP-ITM-000442,GW-004,Upright,BUY-UP-00163,"Handwoven wool rug, 3 × 5 ft",Home,42.04,18.68,0.00,7.28,0.00,60.72
UP-2608-000111,2026-08-14T16:41:00-04:00,UP-ITM-000111,GW-011,Upright,BUY-UP-00044,"Patagonia fleece jacket, size M",Apparel,13.18,13.07,1.84,3.32,0.00,26.25
UP-2608-000015,2026-08-14T16:49:00-04:00,UP-ITM-000015,GW-008,Upright,BUY-UP-00067,"Bose portable speaker, cosmetic wear",Electronics,126.82,9.61,9.55,15.99,0.00,136.43
UP-2608-000380,2026-08-14T17:01:00-04:00,UP-ITM-000380,GW-006,Upright,BUY-UP-00204,"Craftsman socket set, 32 pieces",Tools,57.67,14.50,5.77,8.60,0.00,72.17
UP-2608-000630,2026-08-14T18:59:00-04:00,UP-ITM-000630,GW-023,Upright,BUY-UP-00068,KitchenAid hand mixer with beaters,Home,48.46,14.64,0.00,7.56,0.00,63.10
UP-2608-000502,2026-08-14T19:54:00-04:00,UP-ITM-000502,GW-016,Upright,BUY-UP-00161,"Brass table lamp, tested",Home,19.33,0.00,1.16,2.52,0.00,19.33
